Handle,Title,Body (HTML),Vendor,Standard Product Type,Custom Product Type,Tags,Published,Option1 Name,Option1 Value,Option2 Name,Option2 Value,Option3 Name,Option3 Value,Variant SKU,Variant Grams,Variant Inventory Tracker,Variant Inventory Qty,Variant Inventory Policy,Variant Fulfillment Service,Variant Price,Variant Compare At Price,Variant Requires Shipping,Variant Taxable,Variant Barcode,Image Src,Image Position,Image Alt Text,Gift Card,SEO Title,SEO Description,Google Shopping / Google Product Category,Google Shopping / Gender,Google Shopping / Age Group,Google Shopping / MPN,Google Shopping / AdWords Grouping,Google Shopping / AdWords Labels,Google Shopping / Condition,Google Shopping / Custom Product,Google Shopping / Custom Label 0,Google Shopping / Custom Label 1,Google Shopping / Custom Label 2,Google Shopping / Custom Label 3,Google Shopping / Custom Label 4,Variant Image,Variant Weight Unit,Variant Tax Code,Cost per item,Status
organic-strawberry-fruits-14,Organic Strawberry Fruits,"<p>Lorem ipsum dolor sit amet, consectetuer adipiscing elit. Aenean commodo ligula eget dolor. Aenean massa. Cum sociis natoque penatibus et magnis dis parturient montes, nascetur ridiculus mus. Donec quam felis, ultricies nec, pellentesque eu, pretium quis, sem. Nulla consequat massa quis enim. Donec pede justo, fringilla vel, aliquet nec, vulputate eget, arcu.</p>
<p><span>Lorem ipsum dolor sit amet, consectetuer adipiscing elit. Aenean commodo ligula eget dolor. Aenean massa. Cum sociis natoque penatibus et magnis dis parturient montes, nascetur ridiculus mus. Donec quam felis, ultricies nec, pellentesque eu, pretium quis, sem. Nulla consequat massa quis enim. Donec pede justo, fringilla vel, aliquet nec, vulputate eget, arcu. Lorem ipsum dolor sit amet, consectetuer adipiscing elit. Aenean commodo ligula eget dolor. Aenean massa. Cum sociis natoque penatibus et magnis dis parturient montes, nascetur ridiculus mus. Donec quam felis, ultricies nec, pellentesque eu, pretium quis, sem. Nulla consequat massa quis enim. Donec pede justo, fringilla vel, aliquet nec, vulputate eget, arcu.</span></p>",freshmart-vinova,,,"Hot Trend, Jewelry, Man, Party, Shirt Dresses, Shoes, Summer, Sweaters, Woman",true,Title,Default Title,,,,,demo_01,0.0,shopify,10,deny,manual,45.00,60.00,true,true,"",https://cdn.shopify.com/s/files/1/0257/5505/8222/products/43.jpg?v=1586053712,1,,false,,,,,,,,,,,,,,,,https://cdn.shopify.com/s/files/1/0257/5505/8222/products/43.jpg?v=1586053712,kg,,,active
organic-strawberry-fruits-14,,,,,,,,,,,,,,,,,,,,,,,,,https://cdn.shopify.com/s/files/1/0257/5505/8222/products/1.jpg?v=1586053712,2,,,,,,,,,,,,,,,,,,,,,,
organic-strawberry-fruits-14,,,,,,,,,,,,,,,,,,,,,,,,,https://cdn.shopify.com/s/files/1/0257/5505/8222/products/44.jpg?v=1586053712,3,,,,,,,,,,,,,,,,,,,,,,
organic-strawberry-fruits-14,,,,,,,,,,,,,,,,,,,,,,,,,https://cdn.shopify.com/s/files/1/0257/5505/8222/products/42.jpg?v=1586053712,4,,,,,,,,,,,,,,,,,,,,,,
organic-strawberry-fruits-14,,,,,,,,,,,,,,,,,,,,,,,,,https://cdn.shopify.com/s/files/1/0257/5505/8222/products/2.jpg?v=1636690620,5,,,,,,,,,,,,,,,,,,,,,,
organic-strawberry-fruits-14,,,,,,,,,,,,,,,,,,,,,,,,,https://cdn.shopify.com/s/files/1/0257/5505/8222/products/3.jpg?v=1636690620,6,,,,,,,,,,,,,,,,,,,,,,
organic-strawberry-fruits-14,,,,,,,,,,,,,,,,,,,,,,,,,https://cdn.shopify.com/s/files/1/0257/5505/8222/products/30.jpg?v=1636690620,7,,,,,,,,,,,,,,,,,,,,,,
organic-strawberry-fruits-14,,,,,,,,,,,,,,,,,,,,,,,,,https://cdn.shopify.com/s/files/1/0257/5505/8222/products/31.jpg?v=1636690620,8,,,,,,,,,,,,,,,,,,,,,,
organic-strawberry-fruits-14,,,,,,,,,,,,,,,,,,,,,,,,,https://cdn.shopify.com/s/files/1/0257/5505/8222/products/33.jpg?v=1636690620,9,,,,,,,,,,,,,,,,,,,,,,
organic-strawberry-fruits-14,,,,,,,,,,,,,,,,,,,,,,,,,https://cdn.shopify.com/s/files/1/0257/5505/8222/products/35.jpg?v=1636690620,10,,,,,,,,,,,,,,,,,,,,,,
organic-strawberry-fruits-19,Organic Strawberry Fruits,"<p>Lorem ipsum dolor sit amet, consectetuer adipiscing elit. Aenean commodo ligula eget dolor. Aenean massa. Cum sociis natoque penatibus et magnis dis parturient montes, nascetur ridiculus mus. Donec quam felis, ultricies nec, pellentesque eu, pretium quis, sem. Nulla consequat massa quis enim. Donec pede justo, fringilla vel, aliquet nec, vulputate eget, arcu.</p>
<p><span>Lorem ipsum dolor sit amet, consectetuer adipiscing elit. Aenean commodo ligula eget dolor. Aenean massa. Cum sociis natoque penatibus et magnis dis parturient montes, nascetur ridiculus mus. Donec quam felis, ultricies nec, pellentesque eu, pretium quis, sem. Nulla consequat massa quis enim. Donec pede justo, fringilla vel, aliquet nec, vulputate eget, arcu. Lorem ipsum dolor sit amet, consectetuer adipiscing elit. Aenean commodo ligula eget dolor. Aenean massa. Cum sociis natoque penatibus et magnis dis parturient montes, nascetur ridiculus mus. Donec quam felis, ultricies nec, pellentesque eu, pretium quis, sem. Nulla consequat massa quis enim. Donec pede justo, fringilla vel, aliquet nec, vulputate eget, arcu.</span></p>",freshmart-vinova,,,"Hot Trend, Man, SamSung, Shirt Dresses, Shoes, Sweaters, Winter, Woman",true,Title,Default Title,,,,,demo_02,0.0,shopify,10,deny,manual,12.00,,true,true,"",https://cdn.shopify.com/s/files/1/0257/5505/8222/products/4_6e19c018-942a-4857-8f1d-687814452381.jpg?v=1586053705,1,,false,,,,,,,,,,,,,,,,https://cdn.shopify.com/s/files/1/0257/5505/8222/products/19_b6cade9e-e33b-4cfa-8008-10972c95ebb0.jpg?v=1586053705,kg,,,active
organic-strawberry-fruits-19,,,,,,,,,,,,,,,,,,,,,,,,,https://cdn.shopify.com/s/files/1/0257/5505/8222/products/46.jpg?v=1586053705,2,,,,,,,,,,,,,,,,,,,,,,
organic-strawberry-fruits-19,,,,,,,,,,,,,,,,,,,,,,,,,https://cdn.shopify.com/s/files/1/0257/5505/8222/products/19_b6cade9e-e33b-4cfa-8008-10972c95ebb0.jpg?v=1586053705,3,,,,,,,,,,,,,,,,,,,,,,
organic-strawberry-fruits-19,,,,,,,,,,,,,,,,,,,,,,,,,https://cdn.shopify.com/s/files/1/0257/5505/8222/products/47.jpg?v=1586053705,4,,,,,,,,,,,,,,,,,,,,,,
organic-strawberry-fruits-19,,,,,,,,,,,,,,,,,,,,,,,,,https://cdn.shopify.com/s/files/1/0257/5505/8222/products/48.jpg?v=1586053705,5,,,,,,,,,,,,,,,,,,,,,,
gdgdfgdgd,Organic Strawberry Fruits,"<p>Lorem ipsum dolor sit amet, consectetuer adipiscing elit. Aenean commodo ligula eget dolor. Aenean massa. Cum sociis natoque penatibus et magnis dis parturient montes, nascetur ridiculus mus. Donec quam felis, ultricies nec, pellentesque eu, pretium quis, sem. Nulla consequat massa quis enim. Donec pede justo, fringilla vel, aliquet nec, vulputate eget, arcu.</p>
<p><span>Lorem ipsum dolor sit amet, consectetuer adipiscing elit. Aenean commodo ligula eget dolor. Aenean massa. Cum sociis natoque penatibus et magnis dis parturient montes, nascetur ridiculus mus. Donec quam felis, ultricies nec, pellentesque eu, pretium quis, sem. Nulla consequat massa quis enim. Donec pede justo, fringilla vel, aliquet nec, vulputate eget, arcu. Lorem ipsum dolor sit amet, consectetuer adipiscing elit. Aenean commodo ligula eget dolor. Aenean massa. Cum sociis natoque penatibus et magnis dis parturient montes, nascetur ridiculus mus. Donec quam felis, ultricies nec, pellentesque eu, pretium quis, sem. Nulla consequat massa quis enim. Donec pede justo, fringilla vel, aliquet nec, vulputate eget, arcu.</span></p>",freshmart-vinova,,,"Jewelry, Man, Party, Shirt Dresses, Woman",true,Title,Default Title,,,,,demo_03,0.0,shopify,10,deny,manual,2.00,,true,true,"",https://cdn.shopify.com/s/files/1/0257/5505/8222/products/8.jpg?v=1586053697,1,,false,,,,,,,,,,,,,,,,https://cdn.shopify.com/s/files/1/0257/5505/8222/products/8.jpg?v=1586053697,kg,,,active
gdgdfgdgd,,,,,,,,,,,,,,,,,,,,,,,,,https://cdn.shopify.com/s/files/1/0257/5505/8222/products/49.jpg?v=1586053697,2,,,,,,,,,,,,,,,,,,,,,,
gdgdfgdgd,,,,,,,,,,,,,,,,,,,,,,,,,https://cdn.shopify.com/s/files/1/0257/5505/8222/products/50.jpg?v=1586053697,3,,,,,,,,,,,,,,,,,,,,,,
gdgdfgdgd,,,,,,,,,,,,,,,,,,,,,,,,,https://cdn.shopify.com/s/files/1/0257/5505/8222/products/51.jpg?v=1586053697,4,,,,,,,,,,,,,,,,,,,,,,
gdgdfgdgd,,,,,,,,,,,,,,,,,,,,,,,,,https://cdn.shopify.com/s/files/1/0257/5505/8222/products/25_02d78c7c-d07f-4411-9c87-a3080e437ea3.jpg?v=1636690491,5,,,,,,,,,,,,,,,,,,,,,,
gdgdfgdgd,,,,,,,,,,,,,,,,,,,,,,,,,https://cdn.shopify.com/s/files/1/0257/5505/8222/products/29_efd3b7fa-1d63-489a-8e5b-5dd20a6b5fac.jpg?v=1636690491,6,,,,,,,,,,,,,,,,,,,,,,
gdgdfgdgd,,,,,,,,,,,,,,,,,,,,,,,,,https://cdn.shopify.com/s/files/1/0257/5505/8222/products/38.jpg?v=1636690491,7,,,,,,,,,,,,,,,,,,,,,,
dkm-product,Organic Strawberry Fruits,"<p>Lorem ipsum dolor sit amet, consectetuer adipiscing elit. Aenean commodo ligula eget dolor. Aenean massa. Cum sociis natoque penatibus et magnis dis parturient montes, nascetur ridiculus mus. Donec quam felis, ultricies nec, pellentesque eu, pretium quis, sem. Nulla consequat massa quis enim. Donec pede justo, fringilla vel, aliquet nec, vulputate eget, arcu.</p>
<p><span>Lorem ipsum dolor sit amet, consectetuer adipiscing elit. Aenean commodo ligula eget dolor. Aenean massa. Cum sociis natoque penatibus et magnis dis parturient montes, nascetur ridiculus mus. Donec quam felis, ultricies nec, pellentesque eu, pretium quis, sem. Nulla consequat massa quis enim. Donec pede justo, fringilla vel, aliquet nec, vulputate eget, arcu. Lorem ipsum dolor sit amet, consectetuer adipiscing elit. Aenean commodo ligula eget dolor. Aenean massa. Cum sociis natoque penatibus et magnis dis parturient montes, nascetur ridiculus mus. Donec quam felis, ultricies nec, pellentesque eu, pretium quis, sem. Nulla consequat massa quis enim. Donec pede justo, fringilla vel, aliquet nec, vulputate eget, arcu.</span></p>",freshmart-vinova,,,"Jewelry, Man, Party, Shoes, Sweaters, Woman",true,Title,Default Title,,,,,demo_04,0.0,shopify,10,deny,manual,20.00,,true,true,"",https://cdn.shopify.com/s/files/1/0257/5505/8222/products/19.jpg?v=1586053691,1,,false,,,,,,,,,,,,,,,,https://cdn.shopify.com/s/files/1/0257/5505/8222/products/19.jpg?v=1586053691,kg,,,active
dkm-product,,,,,,,,,,,,,,,,,,,,,,,,,https://cdn.shopify.com/s/files/1/0257/5505/8222/products/47_1cec251a-12c5-456a-993d-f0cc78cd3036.jpg?v=1586053691,2,,,,,,,,,,,,,,,,,,,,,,
dkm-product,,,,,,,,,,,,,,,,,,,,,,,,,https://cdn.shopify.com/s/files/1/0257/5505/8222/products/4.jpg?v=1586053691,3,,,,,,,,,,,,,,,,,,,,,,
dkm-product,,,,,,,,,,,,,,,,,,,,,,,,,https://cdn.shopify.com/s/files/1/0257/5505/8222/products/46_fe0f1720-651a-4d30-902e-b20508409d7a.jpg?v=1586053691,4,,,,,,,,,,,,,,,,,,,,,,
organic-strawberry-fruits,Organic Strawberry Fruits,"<div id=""lipsum"">
<p>Lorem ipsum dolor sit amet, consectetuer adipiscing elit. Aenean commodo ligula eget dolor. Aenean massa. Cum sociis natoque penatibus et magnis dis parturient montes, nascetur ridiculus mus. Donec quam felis, ultricies nec, pellentesque eu, pretium quis, sem. Nulla consequat massa quis enim. Donec pede justo, fringilla vel, aliquet nec, vulputate eget, arcu.</p>
<p><span>Lorem ipsum dolor sit amet, consectetuer adipiscing elit. Aenean commodo ligula eget dolor. Aenean massa. Cum sociis natoque penatibus et magnis dis parturient montes, nascetur ridiculus mus. Donec quam felis, ultricies nec, pellentesque eu, pretium quis, sem. Nulla consequat massa quis enim. Donec pede justo, fringilla vel, aliquet nec, vulputate eget, arcu. Lorem ipsum dolor sit amet, consectetuer adipiscing elit. Aenean commodo ligula eget dolor. Aenean massa. Cum sociis natoque penatibus et magnis dis parturient montes, nascetur ridiculus mus. Donec quam felis, ultricies nec, pellentesque eu, pretium quis, sem. Nulla consequat massa quis enim. Donec pede justo, fringilla vel, aliquet nec, vulputate eget, arcu.</span></p>
</div>",freshmart-vinova,,,"Hot Trend, Man, Shoes, Summer, Sweaters, Woman",true,Title,Default Title,,,,,demo_05,0.0,shopify,10,deny,manual,20.00,30.00,true,true,"",https://cdn.shopify.com/s/files/1/0257/5505/8222/products/6_e65a8259-c445-4c52-a6cb-e30f27a5a13c.jpg?v=1586053684,1,,false,,,,,,,,,,,,,,,,https://cdn.shopify.com/s/files/1/0257/5505/8222/products/6_e65a8259-c445-4c52-a6cb-e30f27a5a13c.jpg?v=1586053684,kg,,,active
organic-strawberry-fruits,,,,,,,,,,,,,,,,,,,,,,,,,https://cdn.shopify.com/s/files/1/0257/5505/8222/products/52.jpg?v=1586053684,2,,,,,,,,,,,,,,,,,,,,,,
organic-strawberry-fruits,,,,,,,,,,,,,,,,,,,,,,,,,https://cdn.shopify.com/s/files/1/0257/5505/8222/products/53.jpg?v=1586053684,3,,,,,,,,,,,,,,,,,,,,,,
organic-strawberry-fruits,,,,,,,,,,,,,,,,,,,,,,,,,https://cdn.shopify.com/s/files/1/0257/5505/8222/products/54.jpg?v=1586053684,4,,,,,,,,,,,,,,,,,,,,,,
organic-strawberry-fruits-1,Organic Strawberry Fruits,"<div id=""lipsum"">
<p>Lorem ipsum dolor sit amet, consectetur adipiscing elit. Suspendisse sapien urna, commodo ut molestie vitae, feugiat tincidunt ligula. Nam gravida nulla in convallis condimentum. Maecenas enim arcu, interdum sit amet molestie quis, suscipit vel mauris. Integer hendrerit non augue et pharetra. Phasellus malesuada, erat non aliquet viverra, dolor augue bibendum enim, quis porttitor justo ligula vel magna. Duis sed tortor rutrum, dictum augue sed, auctor velit. Aenean hendrerit sem non feugiat iaculis. Ut venenatis lorem condimentum odio pretium egestas. Aliquam nisl dui, commodo a nisl id, aliquam aliquet ex. Nam bibendum lorem eget lacus faucibus blandit. Nulla facilisi. Aenean et purus sed nunc mattis egestas.</p>
<p>Nam vel ante sapien. In efficitur sagittis quam in vehicula. In quis leo aliquet, hendrerit urna vel, cursus augue. Quisque ullamcorper aliquam lorem ac imperdiet. Curabitur vehicula dui semper odio porta, aliquet laoreet nisl facilisis. Morbi velit purus, commodo a volutpat at, dictum et sapien. Fusce tristique, lacus at ultricies finibus, lorem metus pretium magna, luctus interdum neque magna at lacus.</p>
<p> </p>
</div>",freshmart-vinova,,,"Hot Trend, Jewelry, Man, Party, SamSung, Shirt Dresses, Shoes, Summer, Sweaters, Winter, Woman",true,Title,Default Title,,,,,demo_06,0.0,shopify,10,deny,manual,15.00,30.00,true,true,"",https://cdn.shopify.com/s/files/1/0257/5505/8222/products/56.jpg?v=1586053678,1,,false,,,,,,,,,,,,,,,,https://cdn.shopify.com/s/files/1/0257/5505/8222/products/3_16dc2032-a142-401d-9c37-4a18d96db639.jpg?v=1586053678,kg,,,active
organic-strawberry-fruits-1,,,,,,,,,,,,,,,,,,,,,,,,,https://cdn.shopify.com/s/files/1/0257/5505/8222/products/2_54c73ec3-214a-43fd-8721-762c5b04e879.jpg?v=1586053678,2,,,,,,,,,,,,,,,,,,,,,,
organic-strawberry-fruits-1,,,,,,,,,,,,,,,,,,,,,,,,,https://cdn.shopify.com/s/files/1/0257/5505/8222/products/3_16dc2032-a142-401d-9c37-4a18d96db639.jpg?v=1586053678,3,,,,,,,,,,,,,,,,,,,,,,
organic-strawberry-fruits-1,,,,,,,,,,,,,,,,,,,,,,,,,https://cdn.shopify.com/s/files/1/0257/5505/8222/products/55.jpg?v=1586053678,4,,,,,,,,,,,,,,,,,,,,,,
organic-strawberry-fruits-2,Organic Strawberry Fruits,"<div id=""lipsum"">
<p>Lorem ipsum dolor sit amet, consectetuer adipiscing elit. Aenean commodo ligula eget dolor. Aenean massa. Cum sociis natoque penatibus et magnis dis parturient montes, nascetur ridiculus mus. Donec quam felis, ultricies nec, pellentesque eu, pretium quis, sem. Nulla consequat massa quis enim. Donec pede justo, fringilla vel, aliquet nec, vulputate eget, arcu.</p>
<p><span>Lorem ipsum dolor sit amet, consectetuer adipiscing elit. Aenean commodo ligula eget dolor. Aenean massa. Cum sociis natoque penatibus et magnis dis parturient montes, nascetur ridiculus mus. Donec quam felis, ultricies nec, pellentesque eu, pretium quis, sem. Nulla consequat massa quis enim. Donec pede justo, fringilla vel, aliquet nec, vulputate eget, arcu. Lorem ipsum dolor sit amet, consectetuer adipiscing elit. Aenean commodo ligula eget dolor. Aenean massa. Cum sociis natoque penatibus et magnis dis parturient montes, nascetur ridiculus mus. Donec quam felis, ultricies nec, pellentesque eu, pretium quis, sem. Nulla consequat massa quis enim. Donec pede justo, fringilla vel, aliquet nec, vulputate eget, arcu.</span></p>
</div>",freshmart-vinova,,,"Hot Trend, Party, Shirt Dresses",true,Title,Default Title,,,,,demo_07,0.0,shopify,10,deny,manual,36.00,,true,true,"",https://cdn.shopify.com/s/files/1/0257/5505/8222/products/9_59f12cff-6e32-4bf5-a681-1b1e1aa222d5.jpg?v=1586053672,1,,false,,,,,,,,,,,,,,,,https://cdn.shopify.com/s/files/1/0257/5505/8222/products/9_59f12cff-6e32-4bf5-a681-1b1e1aa222d5.jpg?v=1586053672,kg,,,active
organic-strawberry-fruits-2,,,,,,,,,,,,,,,,,,,,,,,,,https://cdn.shopify.com/s/files/1/0257/5505/8222/products/57.jpg?v=1586053672,2,,,,,,,,,,,,,,,,,,,,,,
organic-strawberry-fruits-3,Organic Strawberry Fruits,"<div id=""lipsum"">
<p>Lorem ipsum dolor sit amet, consectetuer adipiscing elit. Aenean commodo ligula eget dolor. Aenean massa. Cum sociis natoque penatibus et magnis dis parturient montes, nascetur ridiculus mus. Donec quam felis, ultricies nec, pellentesque eu, pretium quis, sem. Nulla consequat massa quis enim. Donec pede justo, fringilla vel, aliquet nec, vulputate eget, arcu.</p>
<p><span>Lorem ipsum dolor sit amet, consectetuer adipiscing elit. Aenean commodo ligula eget dolor. Aenean massa. Cum sociis natoque penatibus et magnis dis parturient montes, nascetur ridiculus mus. Donec quam felis, ultricies nec, pellentesque eu, pretium quis, sem. Nulla consequat massa quis enim. Donec pede justo, fringilla vel, aliquet nec, vulputate eget, arcu. Lorem ipsum dolor sit amet, consectetuer adipiscing elit. Aenean commodo ligula eget dolor. Aenean massa. Cum sociis natoque penatibus et magnis dis parturient montes, nascetur ridiculus mus. Donec quam felis, ultricies nec, pellentesque eu, pretium quis, sem. Nulla consequat massa quis enim. Donec pede justo, fringilla vel, aliquet nec, vulputate eget, arcu.</span></p>
</div>",freshmart-vinova,,,"Hot Trend, Jewelry, Party, SamSung, Shirt Dresses, Woman",true,Title,Default Title,,,,,demo_08,0.0,shopify,10,deny,manual,12.00,30.00,true,true,"",https://cdn.shopify.com/s/files/1/0257/5505/8222/products/11_0341e5b8-aead-44de-9dad-c86cc98db625.jpg?v=1586053668,1,,false,,,,,,,,,,,,,,,,https://cdn.shopify.com/s/files/1/0257/5505/8222/products/59.jpg?v=1586053668,kg,,,active
organic-strawberry-fruits-3,,,,,,,,,,,,,,,,,,,,,,,,,https://cdn.shopify.com/s/files/1/0257/5505/8222/products/58.jpg?v=1586053668,2,,,,,,,,,,,,,,,,,,,,,,
organic-strawberry-fruits-3,,,,,,,,,,,,,,,,,,,,,,,,,https://cdn.shopify.com/s/files/1/0257/5505/8222/products/59.jpg?v=1586053668,3,,,,,,,,,,,,,,,,,,,,,,
organic-strawberry-fruits-3,,,,,,,,,,,,,,,,,,,,,,,,,https://cdn.shopify.com/s/files/1/0257/5505/8222/products/60.jpg?v=1586053668,4,,,,,,,,,,,,,,,,,,,,,,
organic-strawberry-fruits-5,Organic Strawberry Fruits,"<div id=""lipsum"">
<p>Lorem ipsum dolor sit amet, consectetuer adipiscing elit. Aenean commodo ligula eget dolor. Aenean massa. Cum sociis natoque penatibus et magnis dis parturient montes, nascetur ridiculus mus. Donec quam felis, ultricies nec, pellentesque eu, pretium quis, sem. Nulla consequat massa quis enim. Donec pede justo, fringilla vel, aliquet nec, vulputate eget, arcu.</p>
<p><span>Lorem ipsum dolor sit amet, consectetuer adipiscing elit. Aenean commodo ligula eget dolor. Aenean massa. Cum sociis natoque penatibus et magnis dis parturient montes, nascetur ridiculus mus. Donec quam felis, ultricies nec, pellentesque eu, pretium quis, sem. Nulla consequat massa quis enim. Donec pede justo, fringilla vel, aliquet nec, vulputate eget, arcu. Lorem ipsum dolor sit amet, consectetuer adipiscing elit. Aenean commodo ligula eget dolor. Aenean massa. Cum sociis natoque penatibus et magnis dis parturient montes, nascetur ridiculus mus. Donec quam felis, ultricies nec, pellentesque eu, pretium quis, sem. Nulla consequat massa quis enim. Donec pede justo, fringilla vel, aliquet nec, vulputate eget, arcu.</span></p>
</div>",freshmart-vinova,,,"Hot Trend, Party, Shirt Dresses",true,Title,Default Title,,,,,demo_09,0.0,shopify,10,continue,manual,35.00,,true,true,"",https://cdn.shopify.com/s/files/1/0257/5505/8222/products/10_19a60182-4f50-464d-9cd2-e0a289693910.jpg?v=1586053661,1,,false,,,,,,,,,,,,,,,,https://cdn.shopify.com/s/files/1/0257/5505/8222/products/10_19a60182-4f50-464d-9cd2-e0a289693910.jpg?v=1586053661,kg,,,active
organic-strawberry-fruits-5,,,,,,,,,,,,,,,,,,,,,,,,,https://cdn.shopify.com/s/files/1/0257/5505/8222/products/5.jpg?v=1586053661,2,,,,,,,,,,,,,,,,,,,,,,
organic-strawberry-fruits-5,,,,,,,,,,,,,,,,,,,,,,,,,https://cdn.shopify.com/s/files/1/0257/5505/8222/products/39.jpg?v=1586053661,3,,,,,,,,,,,,,,,,,,,,,,
organic-strawberry-fruits-5,,,,,,,,,,,,,,,,,,,,,,,,,https://cdn.shopify.com/s/files/1/0257/5505/8222/products/61.jpg?v=1586053661,4,,,,,,,,,,,,,,,,,,,,,,
organic-strawberry-fruits-5,,,,,,,,,,,,,,,,,,,,,,,,,https://cdn.shopify.com/s/files/1/0257/5505/8222/products/62.jpg?v=1586053661,5,,,,,,,,,,,,,,,,,,,,,,
organic-strawberry-fruits-6,Organic Strawberry Fruits,"<div id=""lipsum"">
<p>Lorem ipsum dolor sit amet, consectetuer adipiscing elit. Aenean commodo ligula eget dolor. Aenean massa. Cum sociis natoque penatibus et magnis dis parturient montes, nascetur ridiculus mus. Donec quam felis, ultricies nec, pellentesque eu, pretium quis, sem. Nulla consequat massa quis enim. Donec pede justo, fringilla vel, aliquet nec, vulputate eget, arcu.</p>
<p><span>Lorem ipsum dolor sit amet, consectetuer adipiscing elit. Aenean commodo ligula eget dolor. Aenean massa. Cum sociis natoque penatibus et magnis dis parturient montes, nascetur ridiculus mus. Donec quam felis, ultricies nec, pellentesque eu, pretium quis, sem. Nulla consequat massa quis enim. Donec pede justo, fringilla vel, aliquet nec, vulputate eget, arcu. Lorem ipsum dolor sit amet, consectetuer adipiscing elit. Aenean commodo ligula eget dolor. Aenean massa. Cum sociis natoque penatibus et magnis dis parturient montes, nascetur ridiculus mus. Donec quam felis, ultricies nec, pellentesque eu, pretium quis, sem. Nulla consequat massa quis enim. Donec pede justo, fringilla vel, aliquet nec, vulputate eget, arcu.</span></p>
</div>",freshmart-vinova,,,"Hot Trend, Party, Shirt Dresses",true,Title,Default Title,,,,,demo_10,0.0,shopify,10,deny,manual,44.00,60.00,true,true,"",https://cdn.shopify.com/s/files/1/0257/5505/8222/products/12_d73da0ef-c0dc-4858-b453-7b1c272444bb.jpg?v=1586053654,1,,false,,,,,,,,,,,,,,,,https://cdn.shopify.com/s/files/1/0257/5505/8222/products/12_d73da0ef-c0dc-4858-b453-7b1c272444bb.jpg?v=1586053654,kg,,,active
organic-strawberry-fruits-6,,,,,,,,,,,,,,,,,,,,,,,,,https://cdn.shopify.com/s/files/1/0257/5505/8222/products/63.jpg?v=1586053654,2,,,,,,,,,,,,,,,,,,,,,,
organic-strawberry-fruits-6,,,,,,,,,,,,,,,,,,,,,,,,,https://cdn.shopify.com/s/files/1/0257/5505/8222/products/64.jpg?v=1586053654,3,,,,,,,,,,,,,,,,,,,,,,
organic-strawberry-fruits-6,,,,,,,,,,,,,,,,,,,,,,,,,https://cdn.shopify.com/s/files/1/0257/5505/8222/products/65.jpg?v=1586053654,4,,,,,,,,,,,,,,,,,,,,,,
organic-strawberry-fruits-6,,,,,,,,,,,,,,,,,,,,,,,,,https://cdn.shopify.com/s/files/1/0257/5505/8222/products/11.jpg?v=1636689621,5,,,,,,,,,,,,,,,,,,,,,,
organic-strawberry-fruits-6,,,,,,,,,,,,,,,,,,,,,,,,,https://cdn.shopify.com/s/files/1/0257/5505/8222/products/22.jpg?v=1636689621,6,,,,,,,,,,,,,,,,,,,,,,
organic-strawberry-fruits-4,Organic Strawberry Fruits,"<div id=""lipsum"">
<p>Lorem ipsum dolor sit amet, consectetuer adipiscing elit. Aenean commodo ligula eget dolor. Aenean massa. Cum sociis natoque penatibus et magnis dis parturient montes, nascetur ridiculus mus. Donec quam felis, ultricies nec, pellentesque eu, pretium quis, sem. Nulla consequat massa quis enim. Donec pede justo, fringilla vel, aliquet nec, vulputate eget, arcu.</p>
<p><span>Lorem ipsum dolor sit amet, consectetuer adipiscing elit. Aenean commodo ligula eget dolor. Aenean massa. Cum sociis natoque penatibus et magnis dis parturient montes, nascetur ridiculus mus. Donec quam felis, ultricies nec, pellentesque eu, pretium quis, sem. Nulla consequat massa quis enim. Donec pede justo, fringilla vel, aliquet nec, vulputate eget, arcu. Lorem ipsum dolor sit amet, consectetuer adipiscing elit. Aenean commodo ligula eget dolor. Aenean massa. Cum sociis natoque penatibus et magnis dis parturient montes, nascetur ridiculus mus. Donec quam felis, ultricies nec, pellentesque eu, pretium quis, sem. Nulla consequat massa quis enim. Donec pede justo, fringilla vel, aliquet nec, vulputate eget, arcu.</span></p>
</div>",Juices,Home & Garden > Kitchen & Dining > Kitchen Appliance Accessories > Juicer Accessories,,"Hot Trend, Party, Shirt Dresses",true,Volume,330ml,Color,Pink,,,demo_11,0.0,shopify,10,deny,manual,20.00,39.00,true,true,"",https://cdn.shopify.com/s/files/1/0257/5505/8222/products/13.jpg?v=1586053648,1,,false,,,,,,,,,,,,,,,,https://cdn.shopify.com/s/files/1/0257/5505/8222/products/13.jpg?v=1586053648,kg,,,active
organic-strawberry-fruits-4,,,,,,,,,330ml,,Yellow,,,demo_12,0.0,shopify,10,deny,manual,20.00,,true,true,"",https://cdn.shopify.com/s/files/1/0257/5505/8222/products/14.jpg?v=1586053648,2,,,,,,,,,,,,,,,,,,https://cdn.shopify.com/s/files/1/0257/5505/8222/products/16.jpg?v=1586053648,kg,,,
organic-strawberry-fruits-4,,,,,,,,,330ml,,Brown,,,demo_13,0.0,shopify,10,deny,manual,20.00,,true,true,"",https://cdn.shopify.com/s/files/1/0257/5505/8222/products/16.jpg?v=1586053648,3,,,,,,,,,,,,,,,,,,https://cdn.shopify.com/s/files/1/0257/5505/8222/products/23.jpg?v=1586053648,kg,,,
organic-strawberry-fruits-4,,,,,,,,,330ml,,Orange,,,demo_14,0.0,shopify,10,deny,manual,20.00,,true,true,"",https://cdn.shopify.com/s/files/1/0257/5505/8222/products/23.jpg?v=1586053648,4,,,,,,,,,,,,,,,,,,https://cdn.shopify.com/s/files/1/0257/5505/8222/products/14.jpg?v=1586053648,kg,,,
organic-strawberry-fruits-4,,,,,,,,,330ml,,Red,,,demo_15,0.0,shopify,10,deny,manual,20.00,,true,true,"",https://cdn.shopify.com/s/files/1/0257/5505/8222/products/27.jpg?v=1636686420,5,,,,,,,,,,,,,,,,,,https://cdn.shopify.com/s/files/1/0257/5505/8222/products/27.jpg?v=1636686420,kg,,,
organic-strawberry-fruits-4,,,,,,,,,1L,,Pink,,,demo_17,0.0,shopify,10,deny,manual,25.00,,true,true,"",,,,,,,,,,,,,,,,,,,,https://cdn.shopify.com/s/files/1/0257/5505/8222/products/13.jpg?v=1586053648,kg,,,
organic-strawberry-fruits-4,,,,,,,,,1L,,Yellow,,,demo_18,0.0,shopify,10,deny,manual,25.00,,true,true,"",,,,,,,,,,,,,,,,,,,,https://cdn.shopify.com/s/files/1/0257/5505/8222/products/16.jpg?v=1586053648,kg,,,
organic-strawberry-fruits-4,,,,,,,,,1L,,Brown,,,demo_19,0.0,shopify,10,deny,manual,25.00,,true,true,"",,,,,,,,,,,,,,,,,,,,https://cdn.shopify.com/s/files/1/0257/5505/8222/products/23.jpg?v=1586053648,kg,,,
organic-strawberry-fruits-4,,,,,,,,,1L,,Orange,,,demo_20,0.0,shopify,10,deny,manual,25.00,,true,true,"",,,,,,,,,,,,,,,,,,,,https://cdn.shopify.com/s/files/1/0257/5505/8222/products/14.jpg?v=1586053648,kg,,,
organic-strawberry-fruits-4,,,,,,,,,1L,,Red,,,demo_21,0.0,shopify,10,deny,manual,25.00,,true,true,"",,,,,,,,,,,,,,,,,,,,https://cdn.shopify.com/s/files/1/0257/5505/8222/products/27.jpg?v=1636686420,kg,,,
organic-strawberry-fruits-4,,,,,,,,,1.5L,,Pink,,,demo_23,0.0,shopify,10,deny,manual,35.00,,true,true,"",,,,,,,,,,,,,,,,,,,,https://cdn.shopify.com/s/files/1/0257/5505/8222/products/13.jpg?v=1586053648,kg,,,
organic-strawberry-fruits-4,,,,,,,,,1.5L,,Yellow,,,demo_24,0.0,shopify,10,deny,manual,35.00,,true,true,"",,,,,,,,,,,,,,,,,,,,https://cdn.shopify.com/s/files/1/0257/5505/8222/products/16.jpg?v=1586053648,kg,,,
organic-strawberry-fruits-4,,,,,,,,,1.5L,,Brown,,,demo_25,0.0,shopify,10,deny,manual,35.00,,true,true,"",,,,,,,,,,,,,,,,,,,,https://cdn.shopify.com/s/files/1/0257/5505/8222/products/23.jpg?v=1586053648,kg,,,
organic-strawberry-fruits-4,,,,,,,,,1.5L,,Orange,,,demo_26,0.0,shopify,10,deny,manual,35.00,,true,true,"",,,,,,,,,,,,,,,,,,,,https://cdn.shopify.com/s/files/1/0257/5505/8222/products/14.jpg?v=1586053648,kg,,,
organic-strawberry-fruits-4,,,,,,,,,1.5L,,Red,,,demo_27,0.0,shopify,10,deny,manual,35.00,,true,true,"",,,,,,,,,,,,,,,,,,,,https://cdn.shopify.com/s/files/1/0257/5505/8222/products/27.jpg?v=1636686420,kg,,,
organic-strawberry-fruits-7,Organic Strawberry Fruits,"<div id=""lipsum"">
<p>Lorem ipsum dolor sit amet, consectetuer adipiscing elit. Aenean commodo ligula eget dolor. Aenean massa. Cum sociis natoque penatibus et magnis dis parturient montes, nascetur ridiculus mus. Donec quam felis, ultricies nec, pellentesque eu, pretium quis, sem. Nulla consequat massa quis enim. Donec pede justo, fringilla vel, aliquet nec, vulputate eget, arcu.</p>
<p><span>Lorem ipsum dolor sit amet, consectetuer adipiscing elit. Aenean commodo ligula eget dolor. Aenean massa. Cum sociis natoque penatibus et magnis dis parturient montes, nascetur ridiculus mus. Donec quam felis, ultricies nec, pellentesque eu, pretium quis, sem. Nulla consequat massa quis enim. Donec pede justo, fringilla vel, aliquet nec, vulputate eget, arcu. Lorem ipsum dolor sit amet, consectetuer adipiscing elit. Aenean commodo ligula eget dolor. Aenean massa. Cum sociis natoque penatibus et magnis dis parturient montes, nascetur ridiculus mus. Donec quam felis, ultricies nec, pellentesque eu, pretium quis, sem. Nulla consequat massa quis enim. Donec pede justo, fringilla vel, aliquet nec, vulputate eget, arcu.</span></p>
</div>",freshmart-vinova,,,"Hot Trend, Party, Shirt Dresses",true,Volume,330ml,Color,Orange,,,demo_12,0.0,shopify,0,continue,manual,20.00,,true,true,"",https://cdn.shopify.com/s/files/1/0257/5505/8222/products/14_3241e848-7a14-4993-aa06-68539dddb344.jpg?v=1586053640,1,,false,,,,,,,,,,,,,,,,https://cdn.shopify.com/s/files/1/0257/5505/8222/products/14_3241e848-7a14-4993-aa06-68539dddb344.jpg?v=1586053640,kg,,,active
organic-strawberry-fruits-7,,,,,,,,,330ml,,Pink,,,demo_13,0.0,shopify,10,deny,manual,15.00,,true,true,"",https://cdn.shopify.com/s/files/1/0257/5505/8222/products/23_be83c86b-80ec-46e6-8c66-80abcbaf5cb5.jpg?v=1586053640,2,,,,,,,,,,,,,,,,,,https://cdn.shopify.com/s/files/1/0257/5505/8222/products/13_f18e53d6-1314-4513-bfbe-ff66e902c546.jpg?v=1586053640,kg,,,
organic-strawberry-fruits-7,,,,,,,,,330ml,,Darkorange,,,demo_15,0.0,shopify,10,deny,manual,30.00,,true,true,"",https://cdn.shopify.com/s/files/1/0257/5505/8222/products/13_f18e53d6-1314-4513-bfbe-ff66e902c546.jpg?v=1586053640,3,,,,,,,,,,,,,,,,,,https://cdn.shopify.com/s/files/1/0257/5505/8222/products/23_be83c86b-80ec-46e6-8c66-80abcbaf5cb5.jpg?v=1586053640,kg,,,
organic-strawberry-fruits-7,,,,,,,,,330ml,,Red,,,demo_16,0.0,shopify,10,deny,manual,40.00,,true,true,"",https://cdn.shopify.com/s/files/1/0257/5505/8222/products/16_d97d4332-d379-43b4-b38f-5718523d6647.jpg?v=1586053640,4,,,,,,,,,,,,,,,,,,https://cdn.shopify.com/s/files/1/0257/5505/8222/products/27_c6edcdd9-c947-4536-bedc-f25f49f16507.jpg?v=1636691197,kg,,,
organic-strawberry-fruits-7,,,,,,,,,330ml,,Yellow,,,demo_17,0.0,shopify,10,deny,manual,35.00,,true,true,"",https://cdn.shopify.com/s/files/1/0257/5505/8222/products/27_c6edcdd9-c947-4536-bedc-f25f49f16507.jpg?v=1636691197,5,,,,,,,,,,,,,,,,,,https://cdn.shopify.com/s/files/1/0257/5505/8222/products/16_d97d4332-d379-43b4-b38f-5718523d6647.jpg?v=1586053640,kg,,,
organic-strawberry-fruits-7,,,,,,,,,1L,,Orange,,,demo_18,0.0,shopify,10,deny,manual,20.00,,true,true,"",,,,,,,,,,,,,,,,,,,,https://cdn.shopify.com/s/files/1/0257/5505/8222/products/14_3241e848-7a14-4993-aa06-68539dddb344.jpg?v=1586053640,kg,,,
organic-strawberry-fruits-7,,,,,,,,,1L,,Pink,,,demo_19,0.0,shopify,10,deny,manual,15.00,,true,true,"",,,,,,,,,,,,,,,,,,,,https://cdn.shopify.com/s/files/1/0257/5505/8222/products/13_f18e53d6-1314-4513-bfbe-ff66e902c546.jpg?v=1586053640,kg,,,
organic-strawberry-fruits-7,,,,,,,,,1L,,Darkorange,,,demo_21,0.0,shopify,10,deny,manual,30.00,,true,true,"",,,,,,,,,,,,,,,,,,,,https://cdn.shopify.com/s/files/1/0257/5505/8222/products/23_be83c86b-80ec-46e6-8c66-80abcbaf5cb5.jpg?v=1586053640,kg,,,
organic-strawberry-fruits-7,,,,,,,,,1L,,Red,,,demo_22,0.0,shopify,10,deny,manual,40.00,,true,true,"",,,,,,,,,,,,,,,,,,,,https://cdn.shopify.com/s/files/1/0257/5505/8222/products/27_c6edcdd9-c947-4536-bedc-f25f49f16507.jpg?v=1636691197,kg,,,
organic-strawberry-fruits-7,,,,,,,,,1L,,Yellow,,,demo_23,0.0,shopify,10,deny,manual,35.00,,true,true,"",,,,,,,,,,,,,,,,,,,,https://cdn.shopify.com/s/files/1/0257/5505/8222/products/16_d97d4332-d379-43b4-b38f-5718523d6647.jpg?v=1586053640,kg,,,
organic-strawberry-fruits-7,,,,,,,,,1.5L,,Orange,,,demo_24,0.0,shopify,10,deny,manual,20.00,,true,true,"",,,,,,,,,,,,,,,,,,,,https://cdn.shopify.com/s/files/1/0257/5505/8222/products/14_3241e848-7a14-4993-aa06-68539dddb344.jpg?v=1586053640,kg,,,
organic-strawberry-fruits-7,,,,,,,,,1.5L,,Pink,,,demo_25,0.0,shopify,10,deny,manual,15.00,,true,true,"",,,,,,,,,,,,,,,,,,,,https://cdn.shopify.com/s/files/1/0257/5505/8222/products/13_f18e53d6-1314-4513-bfbe-ff66e902c546.jpg?v=1586053640,kg,,,
organic-strawberry-fruits-7,,,,,,,,,1.5L,,Darkorange,,,demo_27,0.0,shopify,10,deny,manual,30.00,,true,true,"",,,,,,,,,,,,,,,,,,,,https://cdn.shopify.com/s/files/1/0257/5505/8222/products/23_be83c86b-80ec-46e6-8c66-80abcbaf5cb5.jpg?v=1586053640,kg,,,
organic-strawberry-fruits-7,,,,,,,,,1.5L,,Red,,,demo_28,0.0,shopify,10,deny,manual,40.00,,true,true,"",,,,,,,,,,,,,,,,,,,,https://cdn.shopify.com/s/files/1/0257/5505/8222/products/27_c6edcdd9-c947-4536-bedc-f25f49f16507.jpg?v=1636691197,kg,,,
organic-strawberry-fruits-7,,,,,,,,,1.5L,,Yellow,,,demo_29,0.0,shopify,10,deny,manual,35.00,,true,true,"",,,,,,,,,,,,,,,,,,,,https://cdn.shopify.com/s/files/1/0257/5505/8222/products/16_d97d4332-d379-43b4-b38f-5718523d6647.jpg?v=1586053640,kg,,,
organic-strawberry-fruits-8,Organic Strawberry Fruits,"<div id=""lipsum"">
<p>Lorem ipsum dolor sit amet, consectetuer adipiscing elit. Aenean commodo ligula eget dolor. Aenean massa. Cum sociis natoque penatibus et magnis dis parturient montes, nascetur ridiculus mus. Donec quam felis, ultricies nec, pellentesque eu, pretium quis, sem. Nulla consequat massa quis enim. Donec pede justo, fringilla vel, aliquet nec, vulputate eget, arcu.</p>
<p><span>Lorem ipsum dolor sit amet, consectetuer adipiscing elit. Aenean commodo ligula eget dolor. Aenean massa. Cum sociis natoque penatibus et magnis dis parturient montes, nascetur ridiculus mus. Donec quam felis, ultricies nec, pellentesque eu, pretium quis, sem. Nulla consequat massa quis enim. Donec pede justo, fringilla vel, aliquet nec, vulputate eget, arcu. Lorem ipsum dolor sit amet, consectetuer adipiscing elit. Aenean commodo ligula eget dolor. Aenean massa. Cum sociis natoque penatibus et magnis dis parturient montes, nascetur ridiculus mus. Donec quam felis, ultricies nec, pellentesque eu, pretium quis, sem. Nulla consequat massa quis enim. Donec pede justo, fringilla vel, aliquet nec, vulputate eget, arcu.</span></p>
</div>",freshmart-vinova,,,"Hot Trend, Party, Shirt Dresses",true,Title,Default Title,,,,,demo_13,0.0,shopify,0,deny,manual,5.00,,true,true,"",https://cdn.shopify.com/s/files/1/0257/5505/8222/products/16_7b71b057-46e3-4519-8875-635808993876.jpg?v=1586053631,1,,false,,,,,,,,,,,,,,,,https://cdn.shopify.com/s/files/1/0257/5505/8222/products/16_7b71b057-46e3-4519-8875-635808993876.jpg?v=1586053631,kg,,,active
organic-strawberry-fruits-8,,,,,,,,,,,,,,,,,,,,,,,,,https://cdn.shopify.com/s/files/1/0257/5505/8222/products/13_9346bf71-182c-43be-8383-f245d4b8104b.jpg?v=1586053631,2,,,,,,,,,,,,,,,,,,,,,,
organic-strawberry-fruits-8,,,,,,,,,,,,,,,,,,,,,,,,,https://cdn.shopify.com/s/files/1/0257/5505/8222/products/14_0d09a202-8a8f-489c-a859-864200f69292.jpg?v=1586053631,3,,,,,,,,,,,,,,,,,,,,,,
organic-strawberry-fruits-8,,,,,,,,,,,,,,,,,,,,,,,,,https://cdn.shopify.com/s/files/1/0257/5505/8222/products/23_52ddf62e-c17a-408b-b0a8-2d1d957b8ce5.jpg?v=1586053631,4,,,,,,,,,,,,,,,,,,,,,,
organic-strawberry-fruits-9,Organic Strawberry Fruits,"<div id=""lipsum"">
<p>Lorem ipsum dolor sit amet, consectetuer adipiscing elit. Aenean commodo ligula eget dolor. Aenean massa. Cum sociis natoque penatibus et magnis dis parturient montes, nascetur ridiculus mus. Donec quam felis, ultricies nec, pellentesque eu, pretium quis, sem. Nulla consequat massa quis enim. Donec pede justo, fringilla vel, aliquet nec, vulputate eget, arcu.</p>
<p><span>Lorem ipsum dolor sit amet, consectetuer adipiscing elit. Aenean commodo ligula eget dolor. Aenean massa. Cum sociis natoque penatibus et magnis dis parturient montes, nascetur ridiculus mus. Donec quam felis, ultricies nec, pellentesque eu, pretium quis, sem. Nulla consequat massa quis enim. Donec pede justo, fringilla vel, aliquet nec, vulputate eget, arcu. Lorem ipsum dolor sit amet, consectetuer adipiscing elit. Aenean commodo ligula eget dolor. Aenean massa. Cum sociis natoque penatibus et magnis dis parturient montes, nascetur ridiculus mus. Donec quam felis, ultricies nec, pellentesque eu, pretium quis, sem. Nulla consequat massa quis enim. Donec pede justo, fringilla vel, aliquet nec, vulputate eget, arcu.</span></p>
</div>",freshmart-vinova,,,"Hot Trend, Party, Shirt Dresses",true,Title,Default Title,,,,,demo_14,0.0,shopify,10,deny,manual,5.00,,true,true,"",https://cdn.shopify.com/s/files/1/0257/5505/8222/products/23_c9117d17-7531-4e7c-87f3-dfa04e658943.jpg?v=1586053623,1,,false,,,,,,,,,,,,,,,,https://cdn.shopify.com/s/files/1/0257/5505/8222/products/23_c9117d17-7531-4e7c-87f3-dfa04e658943.jpg?v=1586053623,kg,,,active
organic-strawberry-fruits-9,,,,,,,,,,,,,,,,,,,,,,,,,https://cdn.shopify.com/s/files/1/0257/5505/8222/products/13_efc4c046-642e-4614-817c-0a0eb4b65df1.jpg?v=1586053623,2,,,,,,,,,,,,,,,,,,,,,,
organic-strawberry-fruits-9,,,,,,,,,,,,,,,,,,,,,,,,,https://cdn.shopify.com/s/files/1/0257/5505/8222/products/14_53cfab29-941d-4545-a645-466c055d436e.jpg?v=1586053623,3,,,,,,,,,,,,,,,,,,,,,,
organic-strawberry-fruits-9,,,,,,,,,,,,,,,,,,,,,,,,,https://cdn.shopify.com/s/files/1/0257/5505/8222/products/16_b63d0ba5-20b3-48b2-8890-82f51c70e3ea.jpg?v=1586053623,4,,,,,,,,,,,,,,,,,,,,,,
copy-of-organic-strawberry-fruits,Organic Strawberry Fruits,"<div id=""lipsum"">
<p>Lorem ipsum dolor sit amet, consectetur adipiscing elit. Suspendisse sapien urna, commodo ut molestie vitae, feugiat tincidunt ligula. Nam gravida nulla in convallis condimentum. Maecenas enim arcu, interdum sit amet molestie quis, suscipit vel mauris. Integer hendrerit non augue et pharetra. Phasellus malesuada, erat non aliquet viverra, dolor augue bibendum enim, quis porttitor justo ligula vel magna. Duis sed tortor rutrum, dictum augue sed, auctor velit. Aenean hendrerit sem non feugiat iaculis. Ut venenatis lorem condimentum odio pretium egestas. Aliquam nisl dui, commodo a nisl id, aliquam aliquet ex. Nam bibendum lorem eget lacus faucibus blandit. Nulla facilisi. Aenean et purus sed nunc mattis egestas.</p>
<p>Nam vel ante sapien. In efficitur sagittis quam in vehicula. In quis leo aliquet, hendrerit urna vel, cursus augue. Quisque ullamcorper aliquam lorem ac imperdiet. Curabitur vehicula dui semper odio porta, aliquet laoreet nisl facilisis. Morbi velit purus, commodo a volutpat at, dictum et sapien. Fusce tristique, lacus at ultricies finibus, lorem metus pretium magna, luctus interdum neque magna at lacus.</p>
<p> </p>
</div>",freshmart-vinova,,,"Hot Trend, Party, Shirt Dresses",true,Title,Default Title,,,,,demo_16,0.0,shopify,10,deny,manual,15.00,20.00,true,true,"",https://cdn.shopify.com/s/files/1/0257/5505/8222/products/17.jpg?v=1586053617,1,,false,,,,,,,,,,,,,,,,,kg,,,active
copy-of-organic-strawberry-fruits,,,,,,,,,,,,,,,,,,,,,,,,,https://cdn.shopify.com/s/files/1/0257/5505/8222/products/66.jpg?v=1586053617,2,,,,,,,,,,,,,,,,,,,,,,
copy-of-organic-strawberry-fruits,,,,,,,,,,,,,,,,,,,,,,,,,https://cdn.shopify.com/s/files/1/0257/5505/8222/products/67.jpg?v=1586053617,3,,,,,,,,,,,,,,,,,,,,,,
copy-of-organic-strawberry-fruits,,,,,,,,,,,,,,,,,,,,,,,,,https://cdn.shopify.com/s/files/1/0257/5505/8222/products/68.jpg?v=1586053617,4,,,,,,,,,,,,,,,,,,,,,,
organic-strawberry-fruits-10,Organic Strawberry Fruits,"<div id=""lipsum"">
<p>Lorem ipsum dolor sit amet, consectetur adipiscing elit. Suspendisse sapien urna, commodo ut molestie vitae, feugiat tincidunt ligula. Nam gravida nulla in convallis condimentum. Maecenas enim arcu, interdum sit amet molestie quis, suscipit vel mauris. Integer hendrerit non augue et pharetra. Phasellus malesuada, erat non aliquet viverra, dolor augue bibendum enim, quis porttitor justo ligula vel magna. Duis sed tortor rutrum, dictum augue sed, auctor velit. Aenean hendrerit sem non feugiat iaculis. Ut venenatis lorem condimentum odio pretium egestas. Aliquam nisl dui, commodo a nisl id, aliquam aliquet ex. Nam bibendum lorem eget lacus faucibus blandit. Nulla facilisi. Aenean et purus sed nunc mattis egestas.</p>
<p>Nam vel ante sapien. In efficitur sagittis quam in vehicula. In quis leo aliquet, hendrerit urna vel, cursus augue. Quisque ullamcorper aliquam lorem ac imperdiet. Curabitur vehicula dui semper odio porta, aliquet laoreet nisl facilisis. Morbi velit purus, commodo a volutpat at, dictum et sapien. Fusce tristique, lacus at ultricies finibus, lorem metus pretium magna, luctus interdum neque magna at lacus.</p>
<p> </p>
</div>",freshmart-vinova,,,"Hot Trend, Party, Shirt Dresses",true,Title,Default Title,,,,,demo_17,0.0,shopify,10,deny,manual,35.00,60.00,true,true,"",https://cdn.shopify.com/s/files/1/0257/5505/8222/products/20_cdd08c6c-bf18-4a9d-8727-0fce328486cd.jpg?v=1586053612,1,,false,,,,,,,,,,,,,,,,,kg,,,active
organic-strawberry-fruits-10,,,,,,,,,,,,,,,,,,,,,,,,,https://cdn.shopify.com/s/files/1/0257/5505/8222/products/17_c79a80d8-935a-429b-a66d-89ec7cff2c9c.jpg?v=1586053612,2,,,,,,,,,,,,,,,,,,,,,,
organic-strawberry-fruits-10,,,,,,,,,,,,,,,,,,,,,,,,,https://cdn.shopify.com/s/files/1/0257/5505/8222/products/21_fc1b36e5-43c0-4971-822b-3bc4668fddc6.jpg?v=1586053612,3,,,,,,,,,,,,,,,,,,,,,,
organic-strawberry-fruits-10,,,,,,,,,,,,,,,,,,,,,,,,,https://cdn.shopify.com/s/files/1/0257/5505/8222/products/22_265eff14-023e-4510-95fa-ed0712584b7f.jpg?v=1586053612,4,,,,,,,,,,,,,,,,,,,,,,
organic-strawberry-fruits-11,Organic Strawberry Fruits,"<div id=""lipsum"">
<p>Lorem ipsum dolor sit amet, consectetur adipiscing elit. Suspendisse sapien urna, commodo ut molestie vitae, feugiat tincidunt ligula. Nam gravida nulla in convallis condimentum. Maecenas enim arcu, interdum sit amet molestie quis, suscipit vel mauris. Integer hendrerit non augue et pharetra. Phasellus malesuada, erat non aliquet viverra, dolor augue bibendum enim, quis porttitor justo ligula vel magna. Duis sed tortor rutrum, dictum augue sed, auctor velit. Aenean hendrerit sem non feugiat iaculis. Ut venenatis lorem condimentum odio pretium egestas. Aliquam nisl dui, commodo a nisl id, aliquam aliquet ex. Nam bibendum lorem eget lacus faucibus blandit. Nulla facilisi. Aenean et purus sed nunc mattis egestas.</p>
<p>Nam vel ante sapien. In efficitur sagittis quam in vehicula. In quis leo aliquet, hendrerit urna vel, cursus augue. Quisque ullamcorper aliquam lorem ac imperdiet. Curabitur vehicula dui semper odio porta, aliquet laoreet nisl facilisis. Morbi velit purus, commodo a volutpat at, dictum et sapien. Fusce tristique, lacus at ultricies finibus, lorem metus pretium magna, luctus interdum neque magna at lacus.</p>
<p> </p>
</div>",Fresh grape,"Food, Beverages & Tobacco > Food Items > Fruits & Vegetables > Fresh & Frozen Fruits > Citrus Fruits > Grapefruits",,"Hot Trend, Party, Shirt Dresses",true,Title,Default Title,,,,,demo_18,0.0,shopify,10,deny,manual,35.00,60.00,true,true,"",https://cdn.shopify.com/s/files/1/0257/5505/8222/products/21_352a59fd-946c-4dbb-b134-c1e9e4868f67.jpg?v=1586053607,1,,false,,,,,,,,,,,,,,,,,kg,,,active
organic-strawberry-fruits-11,,,,,,,,,,,,,,,,,,,,,,,,,https://cdn.shopify.com/s/files/1/0257/5505/8222/products/20_b72b6e58-a654-46ac-b0af-3c4dd7619f3e.jpg?v=1586053607,2,,,,,,,,,,,,,,,,,,,,,,
organic-strawberry-fruits-11,,,,,,,,,,,,,,,,,,,,,,,,,https://cdn.shopify.com/s/files/1/0257/5505/8222/products/17_27c91335-9942-45ac-98d4-52528fa4ffe9.jpg?v=1586053607,3,,,,,,,,,,,,,,,,,,,,,,
organic-strawberry-fruits-11,,,,,,,,,,,,,,,,,,,,,,,,,https://cdn.shopify.com/s/files/1/0257/5505/8222/products/22_40ad9da7-5bf5-4bb6-a804-691e3b5b2fa1.jpg?v=1586053607,4,,,,,,,,,,,,,,,,,,,,,,
organic-strawberry-fruits-12,Organic Strawberry Fruits,"<div id=""lipsum"">
<p>Lorem ipsum dolor sit amet, consectetur adipiscing elit. Suspendisse sapien urna, commodo ut molestie vitae, feugiat tincidunt ligula. Nam gravida nulla in convallis condimentum. Maecenas enim arcu, interdum sit amet molestie quis, suscipit vel mauris. Integer hendrerit non augue et pharetra. Phasellus malesuada, erat non aliquet viverra, dolor augue bibendum enim, quis porttitor justo ligula vel magna. Duis sed tortor rutrum, dictum augue sed, auctor velit. Aenean hendrerit sem non feugiat iaculis. Ut venenatis lorem condimentum odio pretium egestas. Aliquam nisl dui, commodo a nisl id, aliquam aliquet ex. Nam bibendum lorem eget lacus faucibus blandit. Nulla facilisi. Aenean et purus sed nunc mattis egestas.</p>
<p>Nam vel ante sapien. In efficitur sagittis quam in vehicula. In quis leo aliquet, hendrerit urna vel, cursus augue. Quisque ullamcorper aliquam lorem ac imperdiet. Curabitur vehicula dui semper odio porta, aliquet laoreet nisl facilisis. Morbi velit purus, commodo a volutpat at, dictum et sapien. Fusce tristique, lacus at ultricies finibus, lorem metus pretium magna, luctus interdum neque magna at lacus.</p>
<p> </p>
</div>",freshmart-vinova,,,"Hot Trend, Party, Shirt Dresses",true,Title,Default Title,,,,,demo_19,0.0,shopify,10,deny,manual,35.00,60.00,true,true,"",https://cdn.shopify.com/s/files/1/0257/5505/8222/products/22_a726650b-d7e5-49b9-877d-86bd87071d27.jpg?v=1586053601,1,,false,,,,,,,,,,,,,,,,https://cdn.shopify.com/s/files/1/0257/5505/8222/products/22_a726650b-d7e5-49b9-877d-86bd87071d27.jpg?v=1586053601,kg,,,active
organic-strawberry-fruits-12,,,,,,,,,,,,,,,,,,,,,,,,,https://cdn.shopify.com/s/files/1/0257/5505/8222/products/21_6ce0de5f-9d00-4a6b-8ed9-f7a7c2da4383.jpg?v=1586053601,2,,,,,,,,,,,,,,,,,,,,,,
organic-strawberry-fruits-12,,,,,,,,,,,,,,,,,,,,,,,,,https://cdn.shopify.com/s/files/1/0257/5505/8222/products/20_b3d2b192-aba4-4a72-b100-c98ea40fe0eb.jpg?v=1586053601,3,,,,,,,,,,,,,,,,,,,,,,
organic-strawberry-fruits-12,,,,,,,,,,,,,,,,,,,,,,,,,https://cdn.shopify.com/s/files/1/0257/5505/8222/products/17_ca308783-d905-4463-bd4a-bee25c307cd0.jpg?v=1586053601,4,,,,,,,,,,,,,,,,,,,,,,
organic-strawberry-fruits-13,Organic Strawberry Fruits,"<div id=""lipsum"">
<p>Lorem ipsum dolor sit amet, consectetur adipiscing elit. Suspendisse sapien urna, commodo ut molestie vitae, feugiat tincidunt ligula. Nam gravida nulla in convallis condimentum. Maecenas enim arcu, interdum sit amet molestie quis, suscipit vel mauris. Integer hendrerit non augue et pharetra. Phasellus malesuada, erat non aliquet viverra, dolor augue bibendum enim, quis porttitor justo ligula vel magna. Duis sed tortor rutrum, dictum augue sed, auctor velit. Aenean hendrerit sem non feugiat iaculis. Ut venenatis lorem condimentum odio pretium egestas. Aliquam nisl dui, commodo a nisl id, aliquam aliquet ex. Nam bibendum lorem eget lacus faucibus blandit. Nulla facilisi. Aenean et purus sed nunc mattis egestas.</p>
<p> </p>
</div>",freshmart-vinova,,,"Hot Trend, Party, Shirt Dresses",true,Weight,300g,Color,Green,,,demo_21,0.0,shopify,0,continue,manual,34.00,60.00,true,true,"",https://cdn.shopify.com/s/files/1/0257/5505/8222/products/24.jpg?v=1586053593,1,,false,,,,,,,,,,,,,,,,https://cdn.shopify.com/s/files/1/0257/5505/8222/products/24.jpg?v=1586053593,kg,,,active
organic-strawberry-fruits-13,,,,,,,,,300g,,Yellow,,,demo_22,0.0,shopify,10,deny,manual,34.00,60.00,true,true,"",https://cdn.shopify.com/s/files/1/0257/5505/8222/products/25.jpg?v=1586053593,2,,,,,,,,,,,,,,,,,,https://cdn.shopify.com/s/files/1/0257/5505/8222/products/25.jpg?v=1586053593,kg,,,
organic-strawberry-fruits-13,,,,,,,,,300g,,Red,,,demo_23,0.0,shopify,10,deny,manual,34.00,60.00,true,true,"",https://cdn.shopify.com/s/files/1/0257/5505/8222/products/26.jpg?v=1586053593,3,,,,,,,,,,,,,,,,,,https://cdn.shopify.com/s/files/1/0257/5505/8222/products/26.jpg?v=1586053593,kg,,,
organic-strawberry-fruits-13,,,,,,,,,500g,,Green,,,demo_24,0.0,shopify,10,deny,manual,37.00,60.00,true,true,"",https://cdn.shopify.com/s/files/1/0257/5505/8222/products/29.jpg?v=1586053593,4,,,,,,,,,,,,,,,,,,https://cdn.shopify.com/s/files/1/0257/5505/8222/products/24.jpg?v=1586053593,kg,,,
organic-strawberry-fruits-13,,,,,,,,,500g,,Yellow,,,demo_25,0.0,shopify,10,deny,manual,37.00,60.00,true,true,"",,,,,,,,,,,,,,,,,,,,https://cdn.shopify.com/s/files/1/0257/5505/8222/products/25.jpg?v=1586053593,kg,,,
organic-strawberry-fruits-13,,,,,,,,,500g,,Red,,,demo_26,0.0,shopify,10,deny,manual,37.00,60.00,true,true,"",,,,,,,,,,,,,,,,,,,,https://cdn.shopify.com/s/files/1/0257/5505/8222/products/26.jpg?v=1586053593,kg,,,
organic-strawberry-fruits-13,,,,,,,,,600g,,Green,,,demo_27,0.0,shopify,10,deny,manual,40.00,60.00,true,true,"",,,,,,,,,,,,,,,,,,,,https://cdn.shopify.com/s/files/1/0257/5505/8222/products/24.jpg?v=1586053593,kg,,,
organic-strawberry-fruits-13,,,,,,,,,600g,,Yellow,,,demo_28,0.0,shopify,10,deny,manual,40.00,60.00,true,true,"",,,,,,,,,,,,,,,,,,,,https://cdn.shopify.com/s/files/1/0257/5505/8222/products/25.jpg?v=1586053593,kg,,,
organic-strawberry-fruits-13,,,,,,,,,600g,,Red,,,demo_29,0.0,shopify,10,deny,manual,40.00,60.00,true,true,"",,,,,,,,,,,,,,,,,,,,https://cdn.shopify.com/s/files/1/0257/5505/8222/products/26.jpg?v=1586053593,kg,,,
organic-strawberry-fruits-15,Organic Strawberry Fruits,"<div id=""lipsum"">
<p>Lorem ipsum dolor sit amet, consectetuer adipiscing elit. Aenean commodo ligula eget dolor. Aenean massa. Cum sociis natoque penatibus et magnis dis parturient montes, nascetur ridiculus mus. Donec quam felis, ultricies nec, pellentesque eu, pretium quis, sem. Nulla consequat massa quis enim. Donec pede justo, fringilla vel, aliquet nec, vulputate eget, arcu.</p>
<p><span>Lorem ipsum dolor sit amet, consectetuer adipiscing elit. Aenean commodo ligula eget dolor. Aenean massa. Cum sociis natoque penatibus et magnis dis parturient montes, nascetur ridiculus mus. Donec quam felis, ultricies nec, pellentesque eu, pretium quis, sem. Nulla consequat massa quis enim. Donec pede justo, fringilla vel, aliquet nec, vulputate eget, arcu. Lorem ipsum dolor sit amet, consectetuer adipiscing elit. Aenean commodo ligula eget dolor. Aenean massa. Cum sociis natoque penatibus et magnis dis parturient montes, nascetur ridiculus mus. Donec quam felis, ultricies nec, pellentesque eu, pretium quis, sem. Nulla consequat massa quis enim. Donec pede justo, fringilla vel, aliquet nec, vulputate eget, arcu.</span></p>
</div>",Bread,"Food, Beverages & Tobacco > Food Items > Fruits & Vegetables > Fresh & Frozen Fruits > Breadfruit",,"Hot Trend, Party, Shirt Dresses",true,Title,Default Title,,,,,demo_09,0.0,shopify,10,deny,manual,35.00,,true,true,"",https://cdn.shopify.com/s/files/1/0257/5505/8222/products/5_833bf2e8-6d38-4d2e-9acd-81a6be46b8e7.jpg?v=1586053583,1,,false,,,,,,,,,,,,,,,,https://cdn.shopify.com/s/files/1/0257/5505/8222/products/10_9c427d19-8203-4092-841c-fdd8c27153a2.jpg?v=1586053583,kg,,,active
organic-strawberry-fruits-15,,,,,,,,,,,,,,,,,,,,,,,,,https://cdn.shopify.com/s/files/1/0257/5505/8222/products/10_9c427d19-8203-4092-841c-fdd8c27153a2.jpg?v=1586053583,2,,,,,,,,,,,,,,,,,,,,,,
organic-strawberry-fruits-15,,,,,,,,,,,,,,,,,,,,,,,,,https://cdn.shopify.com/s/files/1/0257/5505/8222/products/39_c1878e2f-9b96-4433-964b-31d5e86c7339.jpg?v=1586053583,3,,,,,,,,,,,,,,,,,,,,,,
organic-strawberry-fruits-15,,,,,,,,,,,,,,,,,,,,,,,,,https://cdn.shopify.com/s/files/1/0257/5505/8222/products/61_b9547bf4-f555-4063-825e-332a0fc1c4b6.jpg?v=1586053584,4,,,,,,,,,,,,,,,,,,,,,,
organic-strawberry-fruits-15,,,,,,,,,,,,,,,,,,,,,,,,,https://cdn.shopify.com/s/files/1/0257/5505/8222/products/62_b9cccf1a-923f-48ef-b2c8-83a4f072cbc8.jpg?v=1586053584,5,,,,,,,,,,,,,,,,,,,,,,
organic-strawberry-fruits-16,Organic Strawberry Fruits,"<div id=""lipsum"">
<p>Lorem ipsum dolor sit amet, consectetuer adipiscing elit. Aenean commodo ligula eget dolor. Aenean massa. Cum sociis natoque penatibus et magnis dis parturient montes, nascetur ridiculus mus. Donec quam felis, ultricies nec, pellentesque eu, pretium quis, sem. Nulla consequat massa quis enim. Donec pede justo, fringilla vel, aliquet nec, vulputate eget, arcu.</p>
<p><span>Lorem ipsum dolor sit amet, consectetuer adipiscing elit. Aenean commodo ligula eget dolor. Aenean massa. Cum sociis natoque penatibus et magnis dis parturient montes, nascetur ridiculus mus. Donec quam felis, ultricies nec, pellentesque eu, pretium quis, sem. Nulla consequat massa quis enim. Donec pede justo, fringilla vel, aliquet nec, vulputate eget, arcu. Lorem ipsum dolor sit amet, consectetuer adipiscing elit. Aenean commodo ligula eget dolor. Aenean massa. Cum sociis natoque penatibus et magnis dis parturient montes, nascetur ridiculus mus. Donec quam felis, ultricies nec, pellentesque eu, pretium quis, sem. Nulla consequat massa quis enim. Donec pede justo, fringilla vel, aliquet nec, vulputate eget, arcu.</span></p>
</div>",freshmart,,,"Hot Trend, Party, Shirt Dresses",true,Weight,300g,Color,Red,,,demo_09,0.0,shopify,10,deny,manual,35.00,,true,true,"",https://cdn.shopify.com/s/files/1/0257/5505/8222/products/39_eceda72f-33c8-464d-b202-800ec66ba29f.jpg?v=1586053573,1,,false,,,,,,,,,,,,,,,,https://cdn.shopify.com/s/files/1/0257/5505/8222/products/39_eceda72f-33c8-464d-b202-800ec66ba29f.jpg?v=1586053573,kg,,,active
organic-strawberry-fruits-16,,,,,,,,,300g,,Yellow,,,demo_010,0.0,shopify,10,deny,manual,35.00,,true,true,"",https://cdn.shopify.com/s/files/1/0257/5505/8222/products/5_2d49211f-b30a-4faf-a430-d5719c4286bb.jpg?v=1586053573,2,,,,,,,,,,,,,,,,,,https://cdn.shopify.com/s/files/1/0257/5505/8222/products/5_2d49211f-b30a-4faf-a430-d5719c4286bb.jpg?v=1586053573,kg,,,
organic-strawberry-fruits-16,,,,,,,,,300g,,Orange,,,demo_011,0.0,shopify,10,deny,manual,35.00,,true,true,"",https://cdn.shopify.com/s/files/1/0257/5505/8222/products/10_5dc2301a-7298-46e6-984e-9fef6d2961a8.jpg?v=1586053573,3,,,,,,,,,,,,,,,,,,https://cdn.shopify.com/s/files/1/0257/5505/8222/products/10_5dc2301a-7298-46e6-984e-9fef6d2961a8.jpg?v=1586053573,kg,,,
organic-strawberry-fruits-16,,,,,,,,,300g,,Black,,,demo_012,0.0,shopify,10,deny,manual,35.00,,true,true,"",https://cdn.shopify.com/s/files/1/0257/5505/8222/products/61_7eb17011-8998-4fe3-bdc9-febe59bbe920.jpg?v=1586053573,4,,,,,,,,,,,,,,,,,,https://cdn.shopify.com/s/files/1/0257/5505/8222/products/61_7eb17011-8998-4fe3-bdc9-febe59bbe920.jpg?v=1586053573,kg,,,
organic-strawberry-fruits-16,,,,,,,,,300g,,Brown,,,demo_013,0.0,shopify,10,deny,manual,35.00,,true,true,"",https://cdn.shopify.com/s/files/1/0257/5505/8222/products/62_9ce8ec96-97d4-467b-a507-f4d1353d9d6c.jpg?v=1586053573,5,,,,,,,,,,,,,,,,,,https://cdn.shopify.com/s/files/1/0257/5505/8222/products/62_9ce8ec96-97d4-467b-a507-f4d1353d9d6c.jpg?v=1586053573,kg,,,
organic-strawberry-fruits-16,,,,,,,,,500g,,Red,,,demo_014,0.0,shopify,10,deny,manual,40.00,,true,true,"",,,,,,,,,,,,,,,,,,,,https://cdn.shopify.com/s/files/1/0257/5505/8222/products/39_eceda72f-33c8-464d-b202-800ec66ba29f.jpg?v=1586053573,kg,,,
organic-strawberry-fruits-16,,,,,,,,,500g,,Yellow,,,demo_015,0.0,shopify,10,deny,manual,40.00,,true,true,"",,,,,,,,,,,,,,,,,,,,https://cdn.shopify.com/s/files/1/0257/5505/8222/products/5_2d49211f-b30a-4faf-a430-d5719c4286bb.jpg?v=1586053573,kg,,,
organic-strawberry-fruits-16,,,,,,,,,500g,,Orange,,,demo_016,0.0,shopify,10,deny,manual,40.00,,true,true,"",,,,,,,,,,,,,,,,,,,,https://cdn.shopify.com/s/files/1/0257/5505/8222/products/10_5dc2301a-7298-46e6-984e-9fef6d2961a8.jpg?v=1586053573,kg,,,
organic-strawberry-fruits-16,,,,,,,,,500g,,Black,,,demo_017,0.0,shopify,10,deny,manual,40.00,,true,true,"",,,,,,,,,,,,,,,,,,,,https://cdn.shopify.com/s/files/1/0257/5505/8222/products/61_7eb17011-8998-4fe3-bdc9-febe59bbe920.jpg?v=1586053573,kg,,,
organic-strawberry-fruits-16,,,,,,,,,500g,,Brown,,,demo_018,0.0,shopify,10,deny,manual,40.00,,true,true,"",,,,,,,,,,,,,,,,,,,,https://cdn.shopify.com/s/files/1/0257/5505/8222/products/62_9ce8ec96-97d4-467b-a507-f4d1353d9d6c.jpg?v=1586053573,kg,,,
organic-strawberry-fruits-16,,,,,,,,,700g,,Red,,,demo_019,0.0,shopify,10,deny,manual,45.00,,true,true,"",,,,,,,,,,,,,,,,,,,,https://cdn.shopify.com/s/files/1/0257/5505/8222/products/39_eceda72f-33c8-464d-b202-800ec66ba29f.jpg?v=1586053573,kg,,,
organic-strawberry-fruits-16,,,,,,,,,700g,,Yellow,,,demo_020,0.0,shopify,10,deny,manual,45.00,,true,true,"",,,,,,,,,,,,,,,,,,,,https://cdn.shopify.com/s/files/1/0257/5505/8222/products/5_2d49211f-b30a-4faf-a430-d5719c4286bb.jpg?v=1586053573,kg,,,
organic-strawberry-fruits-16,,,,,,,,,700g,,Orange,,,demo_021,0.0,shopify,10,deny,manual,45.00,,true,true,"",,,,,,,,,,,,,,,,,,,,https://cdn.shopify.com/s/files/1/0257/5505/8222/products/10_5dc2301a-7298-46e6-984e-9fef6d2961a8.jpg?v=1586053573,kg,,,
organic-strawberry-fruits-16,,,,,,,,,700g,,Black,,,demo_022,0.0,shopify,10,deny,manual,45.00,,true,true,"",,,,,,,,,,,,,,,,,,,,https://cdn.shopify.com/s/files/1/0257/5505/8222/products/61_7eb17011-8998-4fe3-bdc9-febe59bbe920.jpg?v=1586053573,kg,,,
organic-strawberry-fruits-16,,,,,,,,,700g,,Brown,,,demo_023,0.0,shopify,10,deny,manual,45.00,,true,true,"",,,,,,,,,,,,,,,,,,,,https://cdn.shopify.com/s/files/1/0257/5505/8222/products/62_9ce8ec96-97d4-467b-a507-f4d1353d9d6c.jpg?v=1586053573,kg,,,
organic-strawberry-fruits-17,Organic Strawberry Fruits,"<div id=""lipsum"">
<p>Lorem ipsum dolor sit amet, consectetuer adipiscing elit. Aenean commodo ligula eget dolor. Aenean massa. Cum sociis natoque penatibus et magnis dis parturient montes, nascetur ridiculus mus. Donec quam felis, ultricies nec, pellentesque eu, pretium quis, sem. Nulla consequat massa quis enim. Donec pede justo, fringilla vel, aliquet nec, vulputate eget, arcu.</p>
<p><span>Lorem ipsum dolor sit amet, consectetuer adipiscing elit. Aenean commodo ligula eget dolor. Aenean massa. Cum sociis natoque penatibus et magnis dis parturient montes, nascetur ridiculus mus. Donec quam felis, ultricies nec, pellentesque eu, pretium quis, sem. Nulla consequat massa quis enim. Donec pede justo, fringilla vel, aliquet nec, vulputate eget, arcu. Lorem ipsum dolor sit amet, consectetuer adipiscing elit. Aenean commodo ligula eget dolor. Aenean massa. Cum sociis natoque penatibus et magnis dis parturient montes, nascetur ridiculus mus. Donec quam felis, ultricies nec, pellentesque eu, pretium quis, sem. Nulla consequat massa quis enim. Donec pede justo, fringilla vel, aliquet nec, vulputate eget, arcu.</span></p>
</div>",freshmart,"Food, Beverages & Tobacco > Food Items > Bakery > Breads & Buns",,"Hot Trend, Party, Shirt Dresses",true,Title,Default Title,,,,,demo_09,0.0,shopify,10,deny,manual,35.00,,true,true,"",https://cdn.shopify.com/s/files/1/0257/5505/8222/products/61_802c8db0-bf7b-42a2-b3f4-d18fe1bf588a.jpg?v=1586053562,1,,false,,,,,,,,,,,,,,,,https://cdn.shopify.com/s/files/1/0257/5505/8222/products/10_7aa617ae-0822-4200-820c-4f3aa7064f1a.jpg?v=1586053562,kg,,,active
organic-strawberry-fruits-17,,,,,,,,,,,,,,,,,,,,,,,,,https://cdn.shopify.com/s/files/1/0257/5505/8222/products/39_fcd90def-d4f4-4500-a405-97bad4a05f0b.jpg?v=1586053562,2,,,,,,,,,,,,,,,,,,,,,,
organic-strawberry-fruits-17,,,,,,,,,,,,,,,,,,,,,,,,,https://cdn.shopify.com/s/files/1/0257/5505/8222/products/5_cc616265-2b8a-424e-98f9-a9e0b3e889a3.jpg?v=1586053562,3,,,,,,,,,,,,,,,,,,,,,,
organic-strawberry-fruits-17,,,,,,,,,,,,,,,,,,,,,,,,,https://cdn.shopify.com/s/files/1/0257/5505/8222/products/10_7aa617ae-0822-4200-820c-4f3aa7064f1a.jpg?v=1586053562,4,,,,,,,,,,,,,,,,,,,,,,
organic-strawberry-fruits-17,,,,,,,,,,,,,,,,,,,,,,,,,https://cdn.shopify.com/s/files/1/0257/5505/8222/products/62_4c3beb82-6e18-4b7f-b5ee-53bb87c5c6b6.jpg?v=1586053562,5,,,,,,,,,,,,,,,,,,,,,,
organic-strawberry-fruits-18,Organic Strawberry Fruits,"<div id=""lipsum"">
<p>Lorem ipsum dolor sit amet, consectetuer adipiscing elit. Aenean commodo ligula eget dolor. Aenean massa. Cum sociis natoque penatibus et magnis dis parturient montes, nascetur ridiculus mus. Donec quam felis, ultricies nec, pellentesque eu, pretium quis, sem. Nulla consequat massa quis enim. Donec pede justo, fringilla vel, aliquet nec, vulputate eget, arcu.</p>
<p><span>Lorem ipsum dolor sit amet, consectetuer adipiscing elit. Aenean commodo ligula eget dolor. Aenean massa. Cum sociis natoque penatibus et magnis dis parturient montes, nascetur ridiculus mus. Donec quam felis, ultricies nec, pellentesque eu, pretium quis, sem. Nulla consequat massa quis enim. Donec pede justo, fringilla vel, aliquet nec, vulputate eget, arcu. Lorem ipsum dolor sit amet, consectetuer adipiscing elit. Aenean commodo ligula eget dolor. Aenean massa. Cum sociis natoque penatibus et magnis dis parturient montes, nascetur ridiculus mus. Donec quam felis, ultricies nec, pellentesque eu, pretium quis, sem. Nulla consequat massa quis enim. Donec pede justo, fringilla vel, aliquet nec, vulputate eget, arcu.</span></p>
</div>",vinova,,,"Hot Trend, Party, Shirt Dresses",true,Title,Default Title,,,,,demo_09,0.0,shopify,10,deny,manual,35.00,,true,true,"",https://cdn.shopify.com/s/files/1/0257/5505/8222/products/62_9f9feafd-70db-4839-ba26-68f03aefed95.jpg?v=1586053553,1,,false,,,,,,,,,,,,,,,,https://cdn.shopify.com/s/files/1/0257/5505/8222/products/10_68685b2c-e26c-49dd-8131-0cc19c11f7ff.jpg?v=1586053553,kg,,,active
organic-strawberry-fruits-18,,,,,,,,,,,,,,,,,,,,,,,,,https://cdn.shopify.com/s/files/1/0257/5505/8222/products/61_ab4a73ec-40dd-409d-8234-ed6f7c4c7998.jpg?v=1586053553,2,,,,,,,,,,,,,,,,,,,,,,
organic-strawberry-fruits-18,,,,,,,,,,,,,,,,,,,,,,,,,https://cdn.shopify.com/s/files/1/0257/5505/8222/products/39_37cccc5a-6265-4628-b416-402614e11308.jpg?v=1586053553,3,,,,,,,,,,,,,,,,,,,,,,
organic-strawberry-fruits-18,,,,,,,,,,,,,,,,,,,,,,,,,https://cdn.shopify.com/s/files/1/0257/5505/8222/products/5_350fb92a-9db7-4f89-b9fd-42cfada9c58a.jpg?v=1586053553,4,,,,,,,,,,,,,,,,,,,,,,
organic-strawberry-fruits-18,,,,,,,,,,,,,,,,,,,,,,,,,https://cdn.shopify.com/s/files/1/0257/5505/8222/products/10_68685b2c-e26c-49dd-8131-0cc19c11f7ff.jpg?v=1586053553,5,,,,,,,,,,,,,,,,,,,,,,
